asset_id	local_path	file_bytes	md5	sha256	duration_seconds	channels	sample_rate_hz	bit_depth
usc-g45-10	masters/usc-sound-effect-archive/explosions/g45-10-submarine-battle.wav	15517728	92d1855ece6beeb8a1b9006bad7fadd4	79e876feb18573b9a0593915c8b7eada87439599b9dc79e2ac05a606f644aa1f	87.514958	1	48000	24
usc-g45-11	masters/usc-sound-effect-archive/explosions/g45-11-submarine-depth-charge.wav	11678674	7cf5723633da39c7f083f6a6ea958850	8e874e05e2a513423acd3a95b4b2f8b511a444f195c5f8d2b7bfb4b84d40a93e	60.855417	1	48000	24
usc-g45-12	masters/usc-sound-effect-archive/explosions/g45-12-submarine-missile-explosions.wav	9082698	8208dbce47091bf2546f115119a3d7aa	6296ba543f0b2ec70307cc5a36ca3f172e51358810915d6f0199b96fde780f48	42.828271	1	48000	24
usc-g45-13	masters/usc-sound-effect-archive/torpedo/g45-13-submarine-torpedo-fire.wav	4359188	76e833cbf42174a694bc98ca7b7d4de9	ee66139b8add8359135eb1fb9831f40def527723d1d4f78f17054eaec7311461	10.025896	1	48000	24
usc-g45-14	masters/usc-sound-effect-archive/explosions/g45-14-torpedo-explosion.wav	5542052	257983455ce360d04f4063f4e74639e7	1e618a14a80632062847afa215f619e0a504cec23dcb794e1e071fa26f5168f5	18.240417	1	48000	24
usc-g45-16	masters/usc-sound-effect-archive/air/g45-16-submarine-compressor-motor.wav	7101784	ebd3ccda8dab3cdd99c938745354bb6b	654fd9b1c5b502cdbdab258ae0a538e832cf93174b0d941037fc9907e2cc90ef	29.071958	1	48000	24
usc-g45-20	masters/usc-sound-effect-archive/propulsion/g45-20-submarine-motor-underwater.wav	8976696	223a3ecd571990bbcdc74f2dd82f297d	2f4794c3920c6373e4935dfaf436e88860925d711b7d0be03bd6c99288af2acd	42.092062	1	48000	24
usc-g45-21	masters/usc-sound-effect-archive/interior/g45-21-submarine-interior-general.wav	14245660	755166d69dba9d8f25f048eeb9a5f0a2	747cba1a94030fa5da65f570d62844f03ebc77a127e6c6f8aa2349e4c3fb7cd3	78.682042	1	48000	24
usc-g45-24	masters/usc-sound-effect-archive/interior/g45-24-submarine-interior-engine-room.wav	22072066	44ebb4d2c602dc5f3a801e41ac89a9fc	f97ee4e2e54495850664d943fc70b7063b9ab6b8fed7f25c45d4fcd167923786	133.031937	1	48000	24
usc-g45-26	masters/usc-sound-effect-archive/propulsion/g45-26-submarine-motor-start-up.wav	13920776	f81f62894a8412eac7453b95bf6a6e8a	021fbd0cbe1e1d5ccc48b708b0835a39e50c3843a3832a276cedb2c8fdf939dd	76.425271	1	48000	24
usc-g45-28	masters/usc-sound-effect-archive/interior/g45-28-submarine-annunciator.wav	6598510	b7338b3cf73720d86fb5316e3786b4fa	1e7616922125693957177f4c085fbd05d6c9558ef88f4719069fe80d387bdfeb	25.577000	1	48000	24
usc-g45-30	masters/usc-sound-effect-archive/submarine/g45-30-submarine-hatch-opening.wav	5190740	e9851bb224c33dfb656f03c5be41fea7	606d4b04bd13b9399d57da2013f7b575d7a047b512b93681f0869bd2e54d879d	15.800625	1	48000	24
usc-g45-31	masters/usc-sound-effect-archive/propulsion/g45-31-submarine-churn-underwater.wav	6053176	a183b13d19a1fdff106dc838ab0bfe87	571d5cef1f454a02560fd560f98040252ce4cd97c3b6369715930595eef84048	21.789521	1	48000	24
usc-g45-33	masters/usc-sound-effect-archive/interior/g45-33-interior-forward-torpedo-room.wav	6340014	fbf8d42136df8561969b1577d41bdf3d	da801fa56297e9f750c3fa4d6c131e9d0e5232151c52dc3f5740f004b31023de	23.781750	1	48000	24
usc-g45-34	masters/usc-sound-effect-archive/torpedo/g45-34-reverberant-torpedos.wav	21314216	3809790c20018c9ca984940d4024be0e	5f7edd189731d3f442e343d3e1f356a707cf417887896936f6e709199a65042b	127.768812	1	48000	24
usc-g45-35	masters/usc-sound-effect-archive/explosions/g45-35-distant-explosions-underwater.wav	17815174	6e36c54ba453742bc617dffe5d0c33e7	1584f358dc2b7dafed25fc72a38d3250c87fbc5f24dd0d139515c63da89e9a6d	103.470313	1	48000	24
usc-boats-blowers	masters/usc-sound-effect-archive/interior/boats-sub-blowers-and-voices.wav	6150902	3dddecd2ebcf771094a56fbf201182a6	1880893ab994eb79392a6300a47fb5e3862b6f82805e497a9b9eaff2690f1e8a	42.705125	1	48000	24
usc-boats-periscope	masters/usc-sound-effect-archive/submarine/boats-sub-periscope-up-down.wav	1653978	47479da310b3f14b7b62434d3f2a4ee7	94bb0b3aa8dc6d4073fea77797df60c19ceb402671e2be1be088c9f2bb5830e5	11.476625	1	48000	24
usc-boats-ballast-release	masters/usc-sound-effect-archive/ballast/boats-sub-ballast-release.wav	1045168	1656f4545e51070a4fcbb982bbcef78b	46012603118ed372ce7599cfef4ac78f31b8763c723cfcdb3f609b1465c0f45d	7.249021	1	48000	24
usc-boats-ballast-explosive	masters/usc-sound-effect-archive/ballast/boats-sub-ballast-blow-explosive.wav	5629002	94b5b7547a0aafeafcd83ab4e5ca372a	612d5672779669588f0fac7c65da8887b7aa71da9d3ee78c6c1b2cd4d4fd64d4	39.080729	1	48000	24
usc-boats-ballast-quick	masters/usc-sound-effect-archive/ballast/boats-sub-ballast-blow-quick.wav	1290546	670c4b69b223958cce30ab460e682d33	954b80d8848040a7d54902573a498d1c7b6062ee293f22e24cea48b323977344	8.952521	1	48000	24
usc-boats-ballast-normal	masters/usc-sound-effect-archive/ballast/boats-sub-ballast-blow.wav	3296876	3fe25589a6b9342b3d8d61a53db8a546	0b3773ef38bac68f0ab63409cf2c4f36a96c75d533c56fc9636d2aaa84827e8b	22.885750	1	48000	24
usc-boats-control-room	masters/usc-sound-effect-archive/interior/boats-sub-control-room.wav	6439452	e001771a5ebeffd5eb9bf590c886d2ff	22f8e9733a1a74587d05ba4fbb56008cd73236ab070d066ef6656d337a476172	44.709375	1	48000	24
usc-boats-propeller	masters/usc-sound-effect-archive/propulsion/boats-sub-propeller-underwater.wav	720210	5a6c40251a66267913d65d2d66a9b63f	a7eff3a139f8227f5abd7a6c689bcf436367f03f42646ed8b14a0e18ca62821f	4.992292	1	48000	24
usc-boats-torpedo-prop	masters/usc-sound-effect-archive/torpedo/boats-torpedo-traveling-popping-prop.wav	966142	26ba7ce01b16ce52d156499569c977a9	54717c770e79c7d7a8c574dad34b3bc5a44ca6abe6323dcddf2d0b8251afef85	6.700000	1	48000	24
usc-boats-prop-churn	masters/usc-sound-effect-archive/propulsion/boats-sub-prop-churning.wav	6232428	7df9f7ea360ec5ba7be02f9d40dcbf53	667d00d20773bc2fd8672315fd5fd44bfba69761068075600406510a022cc336	43.271229	1	48000	24
usc-metal-crusher	masters/usc-sound-effect-archive/hull-stress/metal-car-crusher-leaks-moans.wav	3709474	cec75d239fa3d096aaf9c2eeeedc8ee2	c0e18e0ab464efbd2fa902bf33e6e1863c61d7ea31477e865e3343058eb64a73	25.750833	1	48000	24
usc-metal-girders	masters/usc-sound-effect-archive/hull-stress/metal-steel-girders-wrench-tear.wav	7750506	446cb3de50fbce24973611d2c6c45020	1068d8af03371a3d59ac554428e59a0703d9e73892fa2a4299eb3e71e57a36f3	53.813542	1	48000	24
usc-air-pressurized	masters/usc-sound-effect-archive/air/r17-01-pressurized-air.wav	1706676	07eaffcaa594832d2ebdb89a3f159687	74264b416c6e02be765c6e7b65ee0e761eb10fa913dac90ff586b61d07d47d37	11.843917	1	48000	24
usc-air-compressed	masters/usc-sound-effect-archive/air/r17-35-steam-or-compressed-air.wav	4315314	e4061bc2b26105ecb590dd842c0c56c3	75deab41a331442a20880c1e462b4940936857111a6c4e3b8eddb9317d12aa48	10.310021	1	48000	24
usc-air-blast-07	masters/usc-sound-effect-archive/air/r28-07-big-blasts-of-air.wav	6636988	ccf0999d569e3cd1b131ca0a657a09e0	08a3424384c77c13b5b499e7603dcd3641688a467dd7d4902854819750438863	25.171063	1	48000	24
usc-air-blast-35	masters/usc-sound-effect-archive/air/r28-35-big-blasts-of-air.wav	5711694	80701e272ae05cfaf35b5977b1effcf2	dc2e88d153a11725577253489cdef80e4dedc75d349f1d5a9d2255e4dde0f710	18.745313	1	48000	24
usc-air-blast-37	masters/usc-sound-effect-archive/air/r28-37-big-blasts-of-air.wav	2749816	e1a0cea1e97ed779114569b24490b48f	1e343923420d6bb56171f45420a105d3963ba1a319179c2a50f2d6fac0b6eed0	19.087937	1	48000	24
usc-water-big-flood	masters/usc-sound-effect-archive/flooding/water-big-flood.wav	13249298	08758a272d9612dc3ee40b2ea5448ade	7c49d089e45913cc6530ead29fbe44dee3043590927a40f1f9d1098f214d937f	92.000000	1	48000	24
usc-aircraft-atlas	masters/usc-sound-effect-archive/missile/aircraft-atlas-missile-launch.wav	9400444	6188965abc223098a1a8e8aee79bf659	ed57f1f4c36ebd2672e33ebba9be0b42321196b28b45d363839cefca17a09df4	65.271833	1	48000	24
usc-aircraft-titan	masters/usc-sound-effect-archive/missile/aircraft-titan-missile-launch-long.wav	20161312	23fb08b1b6fd7cf0b4f55cad2d8f8d17	28646553f1417e6ff728d6ef43f83c99d921baa903996c3be8380bda96d50266	140.000000	1	48000	24
usc-aircraft-v2	masters/usc-sound-effect-archive/missile/aircraft-v2-rocket-fires.wav	6049288	f7bdcd29af71ba943d461b3614303d0e	62aae82f89c20db08e5da40705440605a21510cb046ad7b129691052ce3bbe0f	41.999979	1	48000	24
